Season_End_Year,Date,Home,Away,HomeGoals,AwayGoals,FTR,TotalGoals
2008,2007-09-29,Portsmouth,Reading,7,4,H,11
2010,2009-11-22,Tottenham,"Wigan Athletic",9,1,H,10
2008,2007-12-29,Tottenham,Reading,6,4,H,10
2013,2013-05-19,"West Brom","Manchester Utd",5,5,D,10
2013,2012-12-29,Arsenal,"Newcastle Utd",7,3,H,10
2012,2011-08-28,"Manchester Utd",Arsenal,8,2,H,10
2018,2017-10-14,"Manchester City","Stoke City",7,2,H,9
2018,2018-05-13,Tottenham,"Leicester City",5,4,H,9
2017,2017-02-04,Everton,Bournemouth,6,3,H,9
2017,2016-11-26,"Swansea City","Crystal Palace",5,4,H,9
2016,2016-01-23,"Norwich City",Liverpool,4,5,A,9
2015,2014-08-30,Everton,Chelsea,3,6,A,9
2014,2014-03-22,"Cardiff City",Liverpool,3,6,A,9
2014,2013-12-14,"Manchester City",Arsenal,6,3,H,9
2020,2019-10-25,Southampton,"Leicester City",0,9,A,9
2021,2021-02-02,"Manchester Utd",Southampton,9,0,H,9
2021,2020-10-04,"Aston Villa",Liverpool,7,2,H,9
2022,2021-12-26,"Manchester City","Leicester City",6,3,H,9
2000,2000-03-11,Tottenham,Southampton,7,2,H,9
2000,2000-02-12,"West Ham","Bradford City",5,4,H,9
1999,1999-02-06,"Nott'ham Forest","Manchester Utd",1,8,A,9
1998,1997-08-25,Blackburn,"Sheffield Weds",7,2,H,9
1997,1996-10-26,Southampton,"Manchester Utd",6,3,H,9
1994,1994-04-09,"Norwich City",Southampton,4,5,A,9
1995,1995-03-04,"Manchester Utd","Ipswich Town",9,0,H,9
2010,2010-01-16,Chelsea,Sunderland,7,2,H,9
2008,2008-05-11,Middlesbrough,"Manchester City",8,1,H,9
2005,2004-11-13,Tottenham,Arsenal,4,5,A,9
2010,2010-03-27,Chelsea,"Aston Villa",7,1,H,8
2010,2009-11-28,"West Ham",Burnley,5,3,H,8
2009,2009-04-21,Liverpool,Arsenal,4,4,D,8
2001,2000-08-26,Arsenal,"Charlton Ath",5,3,H,8
2009,2008-10-29,Arsenal,Tottenham,4,4,D,8
2008,2007-10-01,Tottenham,"Aston Villa",4,4,D,8
2008,2008-04-28,"Derby County",Arsenal,2,6,A,8
2008,2008-03-19,Tottenham,Chelsea,4,4,D,8
2008,2007-12-26,Chelsea,"Aston Villa",4,4,D,8
2008,2007-12-15,"Wigan Athletic",Blackburn,5,3,H,8
2008,2007-11-24,Everton,Sunderland,7,1,H,8
2007,2006-12-23,Arsenal,Blackburn,6,2,H,8
2005,2005-01-22,"Norwich City",Middlesbrough,4,4,D,8
2005,2004-08-22,Arsenal,Middlesbrough,5,3,H,8
2002,2001-11-19,"Charlton Ath","West Ham",4,4,D,8
2004,2003-10-18,"Manchester City",Bolton,6,2,H,8
2004,2004-03-20,Middlesbrough,"Birmingham City",5,3,H,8
2004,2004-02-22,Tottenham,"Leicester City",4,4,D,8
2003,2003-04-12,"Newcastle Utd","Manchester Utd",2,6,A,8
2003,2002-11-23,"Manchester Utd","Newcastle Utd",5,3,H,8
2002,2001-10-14,Blackburn,"West Ham",7,1,H,8
2002,2001-09-29,Tottenham,"Manchester Utd",3,5,A,8
2002,2002-03-29,"Newcastle Utd",Everton,6,2,H,8
2002,2002-03-16,"West Ham","Manchester Utd",3,5,A,8
2020,2020-07-22,Liverpool,Chelsea,5,3,H,8
2020,2019-09-21,"Manchester City",Watford,8,0,H,8
2021,2020-12-20,"Manchester Utd","Leeds United",6,2,H,8
2019,2019-05-12,"Crystal Palace",Bournemouth,5,3,H,8
2019,2018-12-23,Everton,Tottenham,2,6,A,8
2017,2017-05-21,"Hull City",Tottenham,1,7,A,8
2010,2010-05-09,Chelsea,"Wigan Athletic",8,0,H,8
2016,2015-10-18,"Newcastle Utd","Norwich City",6,2,H,8
2016,2015-11-01,Everton,Sunderland,6,2,H,8
2015,2014-10-18,Southampton,Sunderland,8,0,H,8
2015,2014-09-21,"Leicester City","Manchester Utd",5,3,H,8
2015,2015-01-01,Tottenham,Chelsea,5,3,H,8
2010,2009-10-04,Arsenal,Blackburn,6,2,H,8
2014,2014-01-12,"Stoke City",Liverpool,3,5,A,8
2013,2012-12-23,Chelsea,"Aston Villa",8,0,H,8
2012,2012-04-28,"Swansea City",Wolves,4,4,D,8
2012,2012-04-22,"Manchester Utd",Everton,4,4,D,8
2012,2012-02-04,Arsenal,Blackburn,7,1,H,8
2012,2011-10-29,Chelsea,Arsenal,3,5,A,8
2011,2010-11-27,"Manchester Utd",Blackburn,7,1,H,8
2011,2011-02-05,"Newcastle Utd",Arsenal,4,4,D,8
2011,2011-02-05,Everton,Blackpool,5,3,H,8
1993,1992-10-03,Blackburn,"Norwich City",7,1,H,8
2000,1999-09-19,"Newcastle Utd","Sheffield Weds",8,0,H,8
2000,2000-04-21,"Bradford City","Derby County",4,4,D,8
2000,2000-04-01,"Manchester Utd","West Ham",7,1,H,8
2000,1999-10-24,Everton,"Leeds United",4,4,D,8
1993,1992-08-22,"Oldham Athletic","Nott'ham Forest",5,3,H,8
1999,1999-01-16,"Leicester City","Manchester Utd",2,6,A,8
1999,1999-01-16,Liverpool,Southampton,7,1,H,8
1993,1993-04-03,"Oldham Athletic",Wimbledon,6,2,H,8
1993,1993-04-12,Everton,QPR,3,5,A,8
1998,1998-05-02,Wimbledon,Tottenham,2,6,A,8
1993,1993-05-08,Liverpool,Tottenham,6,2,H,8
1998,1998-02-28,Blackburn,"Leicester City",5,3,H,8
1998,1998-03-11,Chelsea,"Crystal Palace",6,2,H,8
1997,1997-03-16,Chelsea,Sunderland,6,2,H,8
1997,1996-12-28,"Newcastle Utd",Tottenham,7,1,H,8
1997,1996-11-16,Everton,Southampton,7,1,H,8
1994,1994-01-15,Everton,"Swindon Town",6,2,H,8
1994,1994-03-12,"Newcastle Utd","Swindon Town",7,1,H,8
1996,1995-12-16,"Sheffield Weds","Leeds United",6,2,H,8
1995,1995-04-01,"Sheffield Weds","Nott'ham Forest",1,7,A,8
1995,1995-02-22,"Aston Villa","Leicester City",4,4,D,8
1995,1995-02-11,"Aston Villa",Wimbledon,7,1,H,8
2001,2000-12-26,Arsenal,"Leicester City",6,1,H,7
2001,2000-11-04,"Leeds United",Liverpool,4,3,H,7
2001,2000-10-21,Chelsea,"Coventry City",6,1,H,7
2000,1999-09-11,"Coventry City","Leeds United",3,4,A,7
2000,2000-04-10,Middlesbrough,"Manchester Utd",3,4,A,7
1993,1992-12-12,Wimbledon,"Oldham Athletic",5,2,H,7
2000,2000-03-05,"Leicester City",Sunderland,5,2,H,7
1993,1993-01-26,Blackburn,"Coventry City",2,5,A,7
2000,1999-11-21,"West Ham","Sheffield Weds",4,3,H,7
1999,1998-09-21,Blackburn,Chelsea,3,4,A,7
1999,1998-09-09,"West Ham",Wimbledon,3,4,A,7
1999,1999-05-08,"Aston Villa","Charlton Ath",3,4,A,7
1999,1999-04-24,Middlesbrough,Arsenal,1,6,A,7
1999,1999-04-03,"Derby County","Newcastle Utd",3,4,A,7
1993,1993-03-13,Southampton,"Ipswich Town",4,3,H,7
1993,1993-03-20,Arsenal,Southampton,4,3,H,7
1993,1993-04-10,QPR,"Nott'ham Forest",4,3,H,7
1993,1993-04-10,"Leeds United",Blackburn,5,2,H,7
1998,1997-09-24,"Sheffield Weds","Derby County",2,5,A,7
1993,1993-04-12,"Sheffield Weds",Southampton,5,2,H,7
1998,1997-09-14,Blackburn,"Leeds United",3,4,A,7
1998,1998-05-10,"West Ham","Leicester City",4,3,H,7
1998,1998-05-02,Bolton,"Crystal Palace",5,2,H,7
1993,1993-05-08,"Manchester City",Everton,2,5,A,7
1993,1993-05-08,"Oldham Athletic",Southampton,4,3,H,7
1998,1998-03-14,Barnsley,Southampton,4,3,H,7
1998,1997-12-06,Tottenham,Chelsea,1,6,A,7
1998,1997-11-22,Wimbledon,"Manchester Utd",2,5,A,7
1998,1997-11-08,"Leeds United","Derby County",4,3,H,7
1998,1997-11-01,"Manchester Utd","Sheffield Weds",6,1,H,7
1998,1997-10-25,"Manchester Utd",Barnsley,7,0,H,7
1997,1996-09-30,"Newcastle Utd","Aston Villa",4,3,H,7
1997,1997-03-10,Liverpool,"Newcastle Utd",4,3,H,7
1997,1997-03-05,Middlesbrough,"Derby County",6,1,H,7
1997,1997-02-24,"West Ham",Tottenham,4,3,H,7
1997,1997-02-02,"Newcastle Utd","Leicester City",4,3,H,7
1994,1993-12-29,"Oldham Athletic","Manchester Utd",2,5,A,7
1996,1995-09-23,Liverpool,Bolton,5,2,H,7
1996,1996-04-27,"Sheffield Weds",Everton,2,5,A,7
1996,1996-04-03,Liverpool,"Newcastle Utd",4,3,H,7
1994,1994-02-27,Chelsea,Tottenham,4,3,H,7
1994,1994-03-12,"Norwich City",QPR,3,4,A,7
1996,1995-12-04,"Sheffield Weds","Coventry City",4,3,H,7
1996,1995-11-18,Blackburn,"Nott'ham Forest",7,0,H,7
1996,1995-10-21,"Newcastle Utd",Wimbledon,6,1,H,7
1996,1995-08-19,Southampton,"Nott'ham Forest",3,4,A,7
1995,1995-04-02,Southampton,Tottenham,4,3,H,7
1995,1995-04-01,"Leicester City",Wimbledon,3,4,A,7
1995,1994-11-19,Tottenham,"Aston Villa",3,4,A,7
1995,1994-08-20,"Sheffield Weds",Tottenham,3,4,A,7
1995,1994-08-20,"Crystal Palace",Liverpool,1,6,A,7
1995,1994-11-09,Wimbledon,"Aston Villa",4,3,H,7
1995,1994-10-15,"Leicester City",Southampton,4,3,H,7
1995,1994-10-22,"Manchester City",Tottenham,5,2,H,7
2020,2019-12-04,Liverpool,Everton,5,2,H,7
2020,2020-01-12,"Aston Villa","Manchester City",1,6,A,7
2020,2020-07-04,"Manchester Utd",Bournemouth,5,2,H,7
2020,2019-09-14,Wolves,Chelsea,2,5,A,7
2021,2020-09-12,Liverpool,"Leeds United",4,3,H,7
2021,2020-12-16,"Leeds United","Newcastle Utd",5,2,H,7
2021,2020-12-19,"Crystal Palace",Liverpool,0,7,A,7
2021,2020-09-19,Everton,"West Brom",5,2,H,7
2021,2020-09-19,"Leeds United",Fulham,4,3,H,7
2021,2020-09-20,Southampton,Tottenham,2,5,A,7
2021,2020-09-27,"Manchester City","Leicester City",2,5,A,7
2021,2021-04-03,Chelsea,"West Brom",2,5,A,7
2021,2021-03-10,"Manchester City",Southampton,5,2,H,7
2021,2021-05-14,"Newcastle Utd","Manchester City",3,4,A,7
2021,2020-10-04,"Manchester Utd",Tottenham,1,6,A,7
2021,2020-11-01,"Aston Villa",Southampton,3,4,A,7
2022,2021-12-14,"Manchester City","Leeds United",7,0,H,7
2022,2021-10-23,Chelsea,"Norwich City",7,0,H,7
2022,2021-10-23,Everton,Watford,2,5,A,7
2010,2010-02-21,"Aston Villa",Burnley,5,2,H,7
2010,2009-12-19,"Manchester City",Sunderland,4,3,H,7
2010,2009-08-15,Everton,Arsenal,1,6,A,7
2009,2009-04-25,"Manchester Utd",Tottenham,5,2,H,7
2001,2001-02-25,"Manchester Utd",Arsenal,6,1,H,7
2009,2009-04-11,Chelsea,Bolton,4,3,H,7
2009,2008-11-01,"Manchester Utd","Hull City",4,3,H,7
2008,2008-03-12,Chelsea,"Derby County",6,1,H,7
2001,2001-05-13,"Leeds United","Bradford City",6,1,H,7
2007,2007-03-04,"West Ham",Tottenham,3,4,A,7
2006,2006-03-26,Middlesbrough,Bolton,4,3,H,7
2006,2006-02-11,Fulham,"West Brom",6,1,H,7
2006,2006-02-01,Blackburn,"Manchester Utd",4,3,H,7
2001,2000-09-30,"Leeds United",Tottenham,4,3,H,7
2006,2006-01-14,Arsenal,Middlesbrough,7,0,H,7
2006,2005-12-26,"Wigan Athletic","Manchester City",4,3,H,7
2006,2005-12-04,"Charlton Ath","Manchester City",2,5,A,7
2005,2004-08-30,Portsmouth,Fulham,4,3,H,7
2005,2005-04-30,Southampton,"Norwich City",4,3,H,7
2005,2005-05-11,Arsenal,Everton,7,0,H,7
2005,2005-01-01,Tottenham,Everton,5,2,H,7
2005,2004-12-18,"Manchester Utd","Crystal Palace",5,2,H,7
2005,2004-10-24,"Newcastle Utd","Manchester City",4,3,H,7
2004,2004-04-12,Fulham,Blackburn,3,4,A,7
2004,2004-03-27,Chelsea,Wolves,5,2,H,7
2004,2004-02-07,Tottenham,Portsmouth,4,3,H,7
2004,2004-02-07,Everton,"Manchester Utd",3,4,A,7
2002,2001-12-22,"Manchester Utd",Southampton,6,1,H,7
2002,2001-12-22,"Leeds United","Newcastle Utd",3,4,A,7
2004,2004-01-10,Blackburn,Bolton,3,4,A,7
2004,2003-12-06,Tottenham,Wolves,5,2,H,7
2004,2003-11-08,Portsmouth,"Leeds United",6,1,H,7
2004,2003-10-25,Wolves,"Leicester City",4,3,H,7
2003,2003-05-07,Arsenal,Southampton,6,1,H,7
2003,2003-04-05,"Charlton Ath","Leeds United",1,6,A,7
2003,2002-08-27,Arsenal,"West Brom",5,2,H,7
2003,2003-01-28,Middlesbrough,"Aston Villa",2,5,A,7
2003,2003-01-12,Tottenham,Everton,4,3,H,7
2003,2002-12-26,Bolton,"Newcastle Utd",4,3,H,7
2003,2002-11-10,"West Ham","Leeds United",3,4,A,7
2003,2002-10-19,Blackburn,"Newcastle Utd",5,2,H,7
2002,2001-09-15,"Newcastle Utd","Manchester Utd",4,3,H,7
2002,2002-05-11,Arsenal,Everton,4,3,H,7
2002,2002-05-08,Liverpool,Blackburn,4,3,H,7
2002,2002-03-30,"Leeds United","Manchester Utd",3,4,A,7
2002,2002-03-23,"Derby County",Everton,3,4,A,7
2019,2019-03-16,"West Ham",Huddersfield,4,3,H,7
2010,2010-04-03,Burnley,"Manchester City",1,6,A,7
2019,2019-01-19,Liverpool,"Crystal Palace",4,3,H,7
2019,2019-01-19,Wolves,"Leicester City",4,3,H,7
2019,2018-08-19,"Manchester City",Huddersfield,6,1,H,7
2019,2018-11-04,"Manchester City",Southampton,6,1,H,7
2018,2017-10-22,Everton,Arsenal,2,5,A,7
2018,2018-01-14,Liverpool,"Manchester City",4,3,H,7
2018,2017-12-26,Tottenham,Southampton,5,2,H,7
2018,2017-08-11,Arsenal,"Leicester City",4,3,H,7
2017,2016-10-15,Bournemouth,"Hull City",6,1,H,7
2010,2010-04-25,Chelsea,"Stoke City",7,0,H,7
2017,2017-05-18,"Leicester City",Tottenham,1,6,A,7
2017,2017-05-15,Chelsea,Watford,4,3,H,7
2017,2017-03-04,Watford,Southampton,3,4,A,7
2017,2016-12-04,Bournemouth,Liverpool,4,3,H,7
2017,2016-11-06,Liverpool,Watford,6,1,H,7
2017,2016-08-14,Arsenal,Liverpool,3,4,A,7
2016,2015-10-03,"Manchester City","Newcastle Utd",6,1,H,7
2016,2015-09-26,"Leicester City",Arsenal,2,5,A,7
2016,2015-08-22,"West Ham",Bournemouth,3,4,A,7
2016,2015-12-28,Everton,"Stoke City",3,4,A,7
2010,2009-09-20,"Manchester Utd","Manchester City",4,3,H,7
2015,2015-05-24,"Stoke City",Liverpool,6,1,H,7
2015,2015-05-16,Southampton,"Aston Villa",6,1,H,7
2010,2009-09-26,Liverpool,"Hull City",6,1,H,7
2010,2009-09-27,Sunderland,Wolves,5,2,H,7
2015,2015-03-21,Tottenham,"Leicester City",4,3,H,7
2014,2014-02-23,Liverpool,"Swansea City",4,3,H,7
2014,2014-01-29,"Aston Villa","West Brom",4,3,H,7
2014,2013-12-04,Sunderland,Chelsea,3,4,A,7
2014,2013-11-02,"Manchester City","Norwich City",7,0,H,7
2013,2012-09-29,"Norwich City",Liverpool,2,5,A,7
2013,2012-09-15,Arsenal,Southampton,6,1,H,7
2013,2013-04-29,"Aston Villa",Sunderland,6,1,H,7
2013,2012-12-29,"Norwich City","Manchester City",3,4,A,7
2013,2012-12-26,"Manchester Utd","Newcastle Utd",4,3,H,7
2013,2012-12-17,Reading,Arsenal,2,5,A,7
2013,2012-12-08,"Swansea City","Norwich City",3,4,A,7
2013,2012-12-01,Reading,"Manchester Utd",3,4,A,7
2013,2012-11-17,Arsenal,Tottenham,5,2,H,7
2012,2011-10-23,"Manchester Utd","Manchester City",1,6,A,7
2012,2011-09-17,Blackburn,Arsenal,4,3,H,7
2012,2012-04-29,Chelsea,QPR,6,1,H,7
2012,2012-04-14,"Norwich City","Manchester City",1,6,A,7
2012,2012-02-26,Arsenal,Tottenham,5,2,H,7
2012,2012-01-21,Fulham,"Newcastle Utd",5,2,H,7
2011,2011-05-14,Blackpool,Bolton,4,3,H,7
2011,2011-05-09,Fulham,Liverpool,2,5,A,7
2011,2011-02-05,"Wigan Athletic",Blackburn,4,3,H,7
2011,2011-01-15,"Manchester City",Wolves,4,3,H,7
2019,2018-09-15,Bournemouth,"Leicester City",4,2,H,6
2019,2019-04-27,Southampton,Bournemouth,3,3,D,6
2019,2019-03-10,Liverpool,Burnley,4,2,H,6
2019,2018-08-26,Fulham,Burnley,4,2,H,6
2019,2019-02-27,Arsenal,Bournemouth,5,1,H,6
2019,2019-02-22,"Cardiff City",Watford,1,5,A,6
2019,2019-02-10,"Manchester City",Chelsea,6,0,H,6
2019,2019-01-29,Fulham,Brighton,4,2,H,6
2019,2019-01-02,Bournemouth,Watford,3,3,D,6
2019,2018-12-29,Liverpool,Arsenal,5,1,H,6
2019,2018-12-26,Burnley,Everton,1,5,A,6
2019,2018-12-22,"Cardiff City","Manchester Utd",1,5,A,6
2010,2010-04-11,"Manchester City","Birmingham City",5,1,H,6
2019,2018-12-02,Arsenal,Tottenham,4,2,H,6
2019,2018-11-03,"West Ham",Burnley,4,2,H,6
2018,2017-10-21,Chelsea,Watford,4,2,H,6
2018,2017-09-16,Watford,"Manchester City",0,6,A,6
2018,2018-02-10,"Manchester City","Leicester City",5,1,H,6
2018,2018-02-03,Arsenal,Everton,5,1,H,6
2018,2017-12-26,Bournemouth,"West Ham",3,3,D,6
2018,2017-12-22,Arsenal,Liverpool,3,3,D,6
2018,2017-12-09,Tottenham,"Stoke City",5,1,H,6
2018,2017-12-02,Brighton,Liverpool,1,5,A,6
2018,2017-11-28,Watford,"Manchester Utd",2,4,A,6
2018,2017-08-12,Watford,Liverpool,3,3,D,6
2017,2016-09-24,Liverpool,"Hull City",5,1,H,6
2017,2016-09-17,"West Brom","West Ham",4,2,H,6
2017,2016-09-10,"West Ham",Watford,2,4,A,6
2017,2017-05-21,Chelsea,Sunderland,5,1,H,6
2017,2017-04-25,Chelsea,Southampton,4,2,H,6
2017,2017-04-09,Everton,"Leicester City",4,2,H,6
2017,2017-04-05,"Hull City",Middlesbrough,4,2,H,6
2017,2017-01-03,Bournemouth,Arsenal,3,3,D,6
2017,2016-12-31,Chelsea,"Stoke City",4,2,H,6
2017,2016-12-10,"Leicester City","Manchester City",4,2,H,6
2010,2010-05-09,Burnley,Tottenham,4,2,H,6
2017,2016-12-10,"Hull City","Crystal Palace",3,3,D,6
2017,2016-12-03,"West Ham",Arsenal,1,5,A,6
2017,2016-10-29,"Crystal Palace",Liverpool,2,4,A,6
2016,2015-10-17,"Manchester City",Bournemouth,5,1,H,6
2016,2016-05-15,"Newcastle Utd",Tottenham,5,1,H,6
2016,2016-05-01,Southampton,"Manchester City",4,2,H,6
2016,2016-05-11,"Norwich City",Watford,4,2,H,6
2016,2016-04-23,"Aston Villa",Southampton,2,4,A,6
2016,2016-04-09,"West Ham",Arsenal,3,3,D,6
2016,2016-02-14,"Aston Villa",Liverpool,0,6,A,6
2010,2009-09-12,"Manchester City",Arsenal,4,2,H,6
2016,2016-02-13,Chelsea,"Newcastle Utd",5,1,H,6
2016,2016-01-16,Chelsea,Everton,3,3,D,6
2016,2016-01-13,Liverpool,Arsenal,3,3,D,6
2016,2016-01-13,"Swansea City",Sunderland,2,4,A,6
2016,2016-01-12,"Newcastle Utd","Manchester Utd",3,3,D,6
2016,2015-11-28,Bournemouth,Everton,3,3,D,6
2016,2015-11-28,"Crystal Palace","Newcastle Utd",5,1,H,6
2016,2015-10-25,Bournemouth,Tottenham,1,5,A,6
2016,2015-08-08,"Leicester City",Sunderland,4,2,H,6
2015,2014-09-27,"Hull City","Manchester City",2,4,A,6
2015,2014-09-13,Chelsea,"Swansea City",4,2,H,6
2015,2015-05-24,"Leicester City",QPR,5,1,H,6
2015,2015-05-17,"Swansea City","Manchester City",2,4,A,6
2015,2015-05-10,"Manchester City",QPR,6,0,H,6
2015,2015-04-07,"Aston Villa",QPR,3,3,D,6
2015,2015-04-12,"Manchester Utd","Manchester City",4,2,H,6
2015,2014-08-30,"Newcastle Utd","Crystal Palace",3,3,D,6
2015,2015-01-01,"Newcastle Utd",Burnley,3,3,D,6
2014,2014-05-05,"Crystal Palace",Liverpool,3,3,D,6
2014,2014-04-12,"West Brom",Tottenham,3,3,D,6
2014,2014-04-07,Tottenham,Sunderland,5,1,H,6
2014,2014-03-29,"West Brom","Cardiff City",3,3,D,6
2014,2014-03-22,Chelsea,Arsenal,6,0,H,6
2014,2014-03-15,Southampton,"Norwich City",4,2,H,6
2014,2014-02-08,Liverpool,Arsenal,5,1,H,6
2014,2014-01-29,Tottenham,"Manchester City",1,5,A,6
2014,2014-01-18,"Manchester City","Cardiff City",4,2,H,6
2014,2013-12-28,"Hull City",Fulham,6,0,H,6
2014,2013-12-28,"West Ham","West Brom",3,3,D,6
2014,2013-12-26,"Newcastle Utd","Stoke City",5,1,H,6
2014,2013-12-21,Fulham,"Manchester City",2,4,A,6
2011,2010-08-14,Chelsea,"West Brom",6,0,H,6
2014,2013-12-04,Liverpool,"Norwich City",5,1,H,6
2014,2013-11-24,"Manchester City",Tottenham,6,0,H,6
2014,2013-11-23,Everton,Liverpool,3,3,D,6
2014,2013-11-10,"Swansea City","Stoke City",3,3,D,6
2013,2012-10-27,Reading,Fulham,3,3,D,6
2013,2012-10-20,Tottenham,Chelsea,2,4,A,6
2013,2012-10-20,"Manchester Utd","Stoke City",4,2,H,6
2013,2013-05-19,"West Ham",Reading,4,2,H,6
2011,2010-10-31,"Newcastle Utd",Sunderland,5,1,H,6
2013,2013-05-04,Fulham,Reading,2,4,A,6
2011,2010-11-06,Bolton,Tottenham,4,2,H,6
2013,2013-04-27,"Newcastle Utd",Liverpool,0,6,A,6
2013,2012-08-22,Chelsea,Reading,4,2,H,6
2013,2013-02-24,"Newcastle Utd",Southampton,4,2,H,6
2013,2013-02-02,Everton,"Aston Villa",3,3,D,6
2013,2012-12-29,"Stoke City",Southampton,3,3,D,6
2013,2013-01-23,Arsenal,"West Ham",5,1,H,6
2013,2012-11-24,Sunderland,"West Brom",2,4,A,6
2013,2012-11-10,Arsenal,Fulham,3,3,D,6
2012,2011-10-02,Bolton,Chelsea,1,5,A,6
2012,2011-10-02,Fulham,QPR,6,0,H,6
2012,2012-05-05,Arsenal,"Norwich City",3,3,D,6
2011,2010-11-13,Tottenham,Blackburn,4,2,H,6
2012,2012-03-31,"Manchester City",Sunderland,3,3,D,6
2012,2012-03-31,"Aston Villa",Chelsea,2,4,A,6
2012,2011-08-28,Tottenham,"Manchester City",1,5,A,6
2012,2012-02-12,Wolves,"West Brom",1,5,A,6
2012,2012-02-05,Chelsea,"Manchester Utd",3,3,D,6
2011,2010-11-20,Bolton,"Newcastle Utd",5,1,H,6
2012,2011-12-10,"Norwich City","Newcastle Utd",4,2,H,6
2012,2011-12-03,Blackburn,"Swansea City",4,2,H,6
2012,2011-12-03,"Manchester City","Norwich City",5,1,H,6
2012,2011-11-19,"Wigan Athletic",Blackburn,3,3,D,6
2012,2011-10-29,"Norwich City",Blackburn,3,3,D,6
2011,2010-09-11,Everton,"Manchester Utd",3,3,D,6
2011,2010-11-27,"Aston Villa",Arsenal,2,4,A,6
2011,2011-05-22,"Newcastle Utd","West Brom",3,3,D,6
2011,2011-05-22,"Manchester Utd",Blackpool,4,2,H,6
2011,2011-04-23,Sunderland,"Wigan Athletic",4,2,H,6
2011,2011-04-02,"West Ham","Manchester Utd",2,4,A,6
2011,2011-03-06,Wolves,Tottenham,3,3,D,6
2011,2011-04-20,Tottenham,Arsenal,3,3,D,6
2011,2011-02-12,"West Brom","West Ham",3,3,D,6
2011,2011-02-01,Sunderland,Chelsea,2,4,A,6
2011,2011-01-02,Chelsea,"Aston Villa",3,3,D,6
2011,2010-08-22,"Newcastle Utd","Aston Villa",6,0,H,6
2011,2010-08-21,"Wigan Athletic",Chelsea,0,6,A,6
2011,2010-08-21,Arsenal,Blackpool,6,0,H,6
2019,2018-10-07,Fulham,Arsenal,1,5,A,6
2019,2018-10-20,"Cardiff City",Fulham,4,2,H,6
2020,2019-10-26,Burnley,Chelsea,2,4,A,6
2020,2019-11-24,"Sheffield Utd","Manchester Utd",3,3,D,6
2020,2020-02-01,"West Ham",Brighton,3,3,D,6
2020,2019-10-05,"Norwich City","Aston Villa",1,5,A,6
2021,2020-12-06,"West Brom","Crystal Palace",1,5,A,6
2021,2021-01-02,Brighton,Wolves,3,3,D,6
2021,2020-09-20,"Leicester City",Burnley,4,2,H,6
2021,2021-02-06,"Manchester Utd",Everton,3,3,D,6
2021,2021-02-14,Arsenal,"Leeds United",4,2,H,6
2021,2021-03-21,"West Ham",Arsenal,3,3,D,6
2021,2020-09-26,"West Brom",Chelsea,3,3,D,6
2021,2021-05-13,"Manchester Utd",Liverpool,2,4,A,6
2021,2021-05-07,"Leicester City","Newcastle Utd",2,4,A,6
2021,2021-05-23,"Leicester City",Tottenham,2,4,A,6
2021,2020-10-03,Everton,Brighton,4,2,H,6
2021,2020-10-17,Chelsea,Southampton,3,3,D,6
2021,2020-10-18,Tottenham,"West Ham",3,3,D,6
2022,2021-08-14,"Manchester Utd","Leeds United",5,1,H,6
2022,2021-08-15,"Newcastle Utd","West Ham",2,4,A,6
2022,2021-11-20,"Newcastle Utd",Brentford,3,3,D,6
2022,2021-11-20,Burnley,"Crystal Palace",3,3,D,6
2022,2021-11-28,"Leicester City",Watford,4,2,H,6
2022,2022-02-23,Liverpool,"Leeds United",6,0,H,6
2022,2022-02-09,"Aston Villa","Leeds United",3,3,D,6
2022,2022-04-20,Chelsea,Arsenal,2,4,A,6
2022,2022-02-20,"Leeds United","Manchester Utd",2,4,A,6
2022,2022-04-03,Tottenham,"Newcastle Utd",5,1,H,6
2022,2022-04-09,Southampton,Chelsea,0,6,A,6
2022,2022-05-11,Wolves,"Manchester City",1,5,A,6
2022,2022-04-23,"Manchester City",Watford,5,1,H,6
2022,2022-05-15,Watford,"Leicester City",1,5,A,6
2022,2022-05-22,Arsenal,Everton,5,1,H,6
2022,2021-09-25,Brentford,Liverpool,3,3,D,6
2022,2021-10-16,"Leicester City","Manchester Utd",4,2,H,6
1993,1992-08-15,"Crystal Palace",Blackburn,3,3,D,6
1993,1992-08-15,Arsenal,"Norwich City",2,4,A,6
2001,2001-01-02,Tottenham,"Newcastle Utd",4,2,H,6
2001,2000-08-23,"Manchester City",Sunderland,4,2,H,6
1993,1992-10-03,"Ipswich Town","Leeds United",4,2,H,6
2001,2000-12-09,"Bradford City",Tottenham,3,3,D,6
2001,2000-12-09,"Charlton Ath","Manchester Utd",3,3,D,6
2001,2000-08-19,Chelsea,"West Ham",4,2,H,6
2000,1999-09-25,"Manchester Utd",Southampton,3,3,D,6
2000,1999-08-30,"Manchester Utd","Newcastle Utd",5,1,H,6
2000,1999-08-21,"Newcastle Utd",Wimbledon,3,3,D,6
2000,2000-05-14,"Newcastle Utd",Arsenal,4,2,H,6
2000,2000-04-15,Tottenham,"Aston Villa",2,4,A,6
2000,2000-05-09,Arsenal,"Sheffield Weds",3,3,D,6
2000,2000-04-01,Everton,Watford,4,2,H,6
2000,1999-08-15,Southampton,"Newcastle Utd",4,2,H,6
1993,1992-12-19,"Coventry City",Liverpool,5,1,H,6
2000,2000-02-05,"Derby County","Sheffield Weds",3,3,D,6
1993,1992-12-26,"Sheffield Weds","Manchester Utd",3,3,D,6
1993,1992-12-28,QPR,Everton,4,2,H,6
1993,1993-01-09,Chelsea,"Manchester City",2,4,A,6
2000,1999-12-18,"West Ham","Manchester Utd",2,4,A,6
1993,1993-01-17,"Aston Villa",Middlesbrough,5,1,H,6
2000,1999-12-04,"Manchester Utd",Everton,5,1,H,6
1993,1993-01-27,"Norwich City","Crystal Palace",4,2,H,6
2000,1999-11-20,Arsenal,Middlesbrough,5,1,H,6
2000,1999-10-04,Southampton,"Derby County",3,3,D,6
2000,1999-10-02,"Sheffield Weds",Wimbledon,5,1,H,6
1993,1993-02-07,Tottenham,Southampton,4,2,H,6
1999,1998-10-17,"Manchester Utd",Wimbledon,5,1,H,6
1999,1998-09-26,Tottenham,"Leeds United",3,3,D,6
1999,1998-09-19,"Coventry City","Newcastle Utd",1,5,A,6
1999,1998-09-19,Liverpool,"Charlton Ath",3,3,D,6
1993,1993-03-02,"Sheffield Utd",Tottenham,6,0,H,6
1999,1999-05-08,Everton,"West Ham",6,0,H,6
1999,1999-05-01,"West Ham","Leeds United",1,5,A,6
1999,1999-04-19,Arsenal,Wimbledon,5,1,H,6
1993,1992-08-22,"Sheffield Weds",Chelsea,3,3,D,6
1999,1999-04-17,"West Ham","Derby County",5,1,H,6
1999,1999-04-17,Southampton,Blackburn,3,3,D,6
1999,1998-12-28,Liverpool,"Newcastle Utd",4,2,H,6
1999,1998-11-21,"Aston Villa",Liverpool,2,4,A,6
1999,1998-11-21,"Leicester City",Chelsea,2,4,A,6
1999,1998-11-07,Southampton,Middlesbrough,3,3,D,6
1999,1998-10-24,"Charlton Ath","West Ham",4,2,H,6
1999,1998-10-24,Liverpool,"Nott'ham Forest",5,1,H,6
1993,1993-04-09,Tottenham,"Norwich City",5,1,H,6
1993,1993-04-12,Chelsea,Wimbledon,4,2,H,6
1993,1993-04-14,"Norwich City","Leeds United",4,2,H,6
1998,1997-09-20,Everton,Barnsley,4,2,H,6
1998,1997-08-30,Chelsea,Southampton,4,2,H,6
1998,1997-08-27,"Leicester City",Arsenal,3,3,D,6
1998,1998-04-25,"Leeds United","Coventry City",3,3,D,6
1998,1998-04-25,"West Ham",Southampton,2,4,A,6
1993,1993-05-08,Middlesbrough,"Norwich City",3,3,D,6
1993,1993-05-08,"Sheffield Utd",Chelsea,4,2,H,6
1993,1993-05-08,"Coventry City","Leeds United",3,3,D,6
1998,1998-04-14,"Leicester City",Southampton,3,3,D,6
1993,1992-08-29,"Manchester City","Oldham Athletic",3,3,D,6
1998,1998-03-14,Tottenham,Liverpool,3,3,D,6
1998,1997-08-24,Barnsley,Chelsea,0,6,A,6
1998,1998-05-05,"Crystal Palace","West Ham",3,3,D,6
1998,1998-02-14,"Sheffield Weds",Liverpool,3,3,D,6
1998,1998-01-31,Bolton,"Coventry City",1,5,A,6
1998,1998-01-10,"West Ham",Barnsley,6,0,H,6
1993,1992-09-19,"Aston Villa",Liverpool,4,2,H,6
1993,1992-09-19,"Oldham Athletic","Ipswich Town",4,2,H,6
1993,1992-09-19,QPR,Middlesbrough,3,3,D,6
1998,1997-12-14,Bolton,"Derby County",3,3,D,6
1994,1993-10-02,Southampton,"Sheffield Utd",3,3,D,6
1998,1997-11-01,"Newcastle Utd","Leicester City",3,3,D,6
1994,1993-10-23,QPR,"Coventry City",5,1,H,6
1994,1993-10-23,"Leeds United",Blackburn,3,3,D,6
1998,1997-10-05,Liverpool,Chelsea,4,2,H,6
1997,1996-10-12,Wimbledon,"Sheffield Weds",4,2,H,6
1994,1993-10-30,Liverpool,Southampton,4,2,H,6
1994,1993-10-30,"Sheffield Weds","Leeds United",3,3,D,6
1997,1996-09-21,Liverpool,Chelsea,5,1,H,6
1997,1996-09-04,Arsenal,Chelsea,3,3,D,6
1997,1997-05-11,Blackburn,"Leicester City",2,4,A,6
1997,1997-05-03,"West Ham","Sheffield Weds",5,1,H,6
1997,1997-03-22,"Derby County",Tottenham,4,2,H,6
1997,1997-02-22,"Leicester City","Derby County",4,2,H,6
1997,1997-05-05,"Manchester Utd",Middlesbrough,3,3,D,6
1997,1996-12-14,Liverpool,Middlesbrough,5,1,H,6
1997,1997-01-18,Middlesbrough,"Sheffield Weds",4,2,H,6
1994,1993-12-18,Tottenham,Liverpool,3,3,D,6
1997,1996-12-26,Middlesbrough,Everton,4,2,H,6
1997,1996-12-17,Liverpool,"Nott'ham Forest",4,2,H,6
1994,1993-12-29,"Sheffield Weds","Swindon Town",3,3,D,6
1997,1996-10-19,Chelsea,Wimbledon,2,4,A,6
1997,1996-08-17,"Derby County","Leeds United",3,3,D,6
1997,1996-08-17,Middlesbrough,Liverpool,3,3,D,6
1994,1994-01-03,Chelsea,Everton,4,2,H,6
1996,1995-09-23,Wimbledon,"Leeds United",2,4,A,6
1994,1994-01-04,Liverpool,"Manchester Utd",3,3,D,6
1996,1995-09-23,Blackburn,"Coventry City",5,1,H,6
1996,1995-09-23,Arsenal,Southampton,4,2,H,6
1996,1996-04-13,"Nott'ham Forest",Blackburn,1,5,A,6
1994,1994-01-24,"West Ham","Norwich City",3,3,D,6
1994,1994-02-05,Everton,Chelsea,4,2,H,6
1996,1996-03-23,Everton,Wimbledon,2,4,A,6
1996,1996-03-23,"West Ham","Manchester City",4,2,H,6
1994,1994-02-12,Wimbledon,"Newcastle Utd",4,2,H,6
1996,1996-03-09,"Aston Villa",QPR,4,2,H,6
1994,1994-02-14,Southampton,Liverpool,4,2,H,6
1996,1996-02-25,Bolton,"Manchester Utd",0,6,A,6
1996,1996-02-24,Wimbledon,"Aston Villa",3,3,D,6
1994,1993-08-21,Everton,"Sheffield Utd",4,2,H,6
1996,1996-02-24,"Manchester City","Newcastle Utd",3,3,D,6
1994,1994-02-19,"Swindon Town","Norwich City",3,3,D,6
1996,1996-02-03,Wimbledon,"Manchester Utd",2,4,A,6
1996,1996-01-01,Liverpool,"Nott'ham Forest",4,2,H,6
1996,1996-01-01,"Sheffield Weds",Bolton,4,2,H,6
1994,1994-03-05,"Ipswich Town",Arsenal,1,5,A,6
1996,1995-12-23,Middlesbrough,"West Ham",4,2,H,6
1994,1994-03-19,"West Ham","Newcastle Utd",2,4,A,6
1996,1995-12-03,Wimbledon,"Newcastle Utd",3,3,D,6
1996,1995-12-02,Blackburn,"West Ham",4,2,H,6
1996,1995-11-25,"Coventry City",Wimbledon,3,3,D,6
1996,1995-11-21,Arsenal,"Sheffield Weds",4,2,H,6
1994,1994-04-27,"Newcastle Utd","Aston Villa",5,1,H,6
1996,1995-10-28,Liverpool,"Manchester City",6,0,H,6
1994,1994-04-02,"Sheffield Weds",Everton,5,1,H,6
1995,1994-10-08,"Manchester City","Nott'ham Forest",3,3,D,6
1995,1994-09-10,"Newcastle Utd",Chelsea,4,2,H,6
1994,1993-08-24,"Oldham Athletic","Coventry City",3,3,D,6
1994,1993-08-25,Southampton,"Swindon Town",5,1,H,6
1995,1995-04-01,Arsenal,"Norwich City",5,1,H,6
1995,1995-03-11,"Leicester City","Nott'ham Forest",2,4,A,6
1994,1994-04-23,"Swindon Town",Wimbledon,2,4,A,6
1995,1995-02-25,"Coventry City","Leicester City",4,2,H,6
1995,1995-05-03,"Newcastle Utd",Tottenham,3,3,D,6
1994,1994-05-07,"West Ham",Southampton,3,3,D,6
1995,1994-08-27,"Newcastle Utd",Southampton,5,1,H,6
1995,1995-05-03,Everton,Chelsea,3,3,D,6
1994,1993-09-01,"Sheffield Weds","Norwich City",3,3,D,6
1995,1995-01-02,Blackburn,"West Ham",4,2,H,6
1995,1994-12-28,"Sheffield Weds","Coventry City",5,1,H,6
1994,1993-09-13,"Newcastle Utd","Sheffield Weds",4,2,H,6
1994,1993-09-25,Everton,"Norwich City",1,5,A,6
1994,1993-09-25,"Manchester Utd","Swindon Town",4,2,H,6
1995,1994-12-03,Tottenham,"Newcastle Utd",4,2,H,6
1995,1994-11-05,"Manchester City",Southampton,3,3,D,6
1995,1994-10-23,Blackburn,"Manchester Utd",2,4,A,6
1995,1994-10-22,"Norwich City",QPR,4,2,H,6
2010,2010-03-07,Everton,"Hull City",5,1,H,6
2010,2010-02-27,Chelsea,"Manchester City",2,4,A,6
2010,2010-01-20,Arsenal,Bolton,4,2,H,6
2010,2009-08-19,"Hull City",Tottenham,1,5,A,6
2010,2009-12-12,Bolton,"Manchester City",3,3,D,6
2010,2009-12-12,Chelsea,Everton,3,3,D,6
2010,2009-11-21,"Hull City","West Ham",3,3,D,6
2010,2009-11-07,"Manchester City",Burnley,3,3,D,6
2010,2009-11-07,"Aston Villa",Bolton,5,1,H,6
2009,2008-09-21,"Manchester City",Portsmouth,6,0,H,6
2009,2009-04-19,"Manchester City","West Brom",4,2,H,6
2009,2009-04-12,"Aston Villa",Everton,3,3,D,6
2001,2000-08-26,Southampton,Liverpool,3,3,D,6
2009,2008-12-28,"Newcastle Utd",Liverpool,1,5,A,6
2009,2008-12-26,"Manchester City","Hull City",5,1,H,6
2009,2008-12-13,"Aston Villa",Bolton,4,2,H,6
2001,2001-03-17,Chelsea,Sunderland,2,4,A,6
2009,2008-08-17,"Aston Villa","Manchester City",4,2,H,6
2008,2007-09-22,Fulham,"Manchester City",3,3,D,6
2008,2007-09-01,Liverpool,"Derby County",6,0,H,6
2008,2007-09-01,Fulham,Tottenham,3,3,D,6
2008,2008-04-20,"Aston Villa","Birmingham City",5,1,H,6
2008,2008-04-12,"Derby County","Aston Villa",0,6,A,6
2008,2008-03-12,Portsmouth,"Birmingham City",4,2,H,6
2001,2001-04-14,"Manchester Utd","Coventry City",4,2,H,6
2008,2008-02-23,"Newcastle Utd","Manchester Utd",1,5,A,6
2008,2008-01-12,"Manchester Utd","Newcastle Utd",6,0,H,6
2008,2007-12-26,Tottenham,Fulham,5,1,H,6
2001,2001-04-17,"Charlton Ath","Aston Villa",3,3,D,6
2008,2007-12-15,"Manchester City",Bolton,4,2,H,6
2008,2007-10-27,Chelsea,"Manchester City",6,0,H,6
2008,2007-10-20,Blackburn,Reading,4,2,H,6
2007,2006-10-02,Watford,Fulham,3,3,D,6
2007,2006-09-17,Blackburn,"Manchester City",4,2,H,6
2007,2007-05-13,Blackburn,Reading,3,3,D,6
2007,2007-04-28,Everton,"Manchester Utd",2,4,A,6
2007,2007-04-15,"Wigan Athletic",Tottenham,3,3,D,6
2007,2007-04-09,Watford,Portsmouth,4,2,H,6
2001,2001-05-05,"Leicester City",Tottenham,4,2,H,6
2007,2007-01-20,Middlesbrough,Bolton,5,1,H,6
2007,2007-01-13,"West Ham",Fulham,3,3,D,6
2007,2007-01-01,Reading,"West Ham",6,0,H,6
2001,2000-09-05,"Manchester Utd","Bradford City",6,0,H,6
2001,2000-09-06,"Derby County",Middlesbrough,3,3,D,6
2007,2006-12-09,Tottenham,"Charlton Ath",5,1,H,6
2007,2006-08-20,"Manchester Utd",Fulham,5,1,H,6
2006,2005-10-15,Chelsea,Bolton,5,1,H,6
2006,2006-05-07,Arsenal,"Wigan Athletic",4,2,H,6
2006,2006-03-15,Liverpool,Fulham,5,1,H,6
2006,2006-03-18,"West Ham",Portsmouth,2,4,A,6
2001,2000-09-23,"Manchester Utd",Chelsea,3,3,D,6
2006,2006-02-04,"Manchester Utd",Fulham,4,2,H,6
2006,2005-12-28,Fulham,"Aston Villa",3,3,D,6
2006,2005-12-18,Middlesbrough,Tottenham,3,3,D,6
2006,2005-12-17,"West Ham","Newcastle Utd",2,4,A,6
2006,2005-10-29,Chelsea,Blackburn,4,2,H,6
2005,2004-10-16,Fulham,Liverpool,2,4,A,6
2005,2004-08-28,"Aston Villa","Newcastle Utd",4,2,H,6
2005,2005-05-15,Fulham,"Norwich City",6,0,H,6
2005,2005-05-01,Tottenham,"Aston Villa",5,1,H,6
2002,2001-10-20,Arsenal,Blackburn,3,3,D,6
2005,2005-04-16,"Crystal Palace","Norwich City",3,3,D,6
2005,2005-04-09,Portsmouth,"Charlton Ath",4,2,H,6
2005,2005-02-14,Arsenal,"Crystal Palace",5,1,H,6
2005,2005-02-01,Arsenal,"Manchester Utd",2,4,A,6
2005,2005-01-05,Southampton,Fulham,3,3,D,6
2002,2001-11-03,Middlesbrough,"Derby County",5,1,H,6
2005,2004-12-18,Tottenham,Southampton,5,1,H,6
2002,2001-11-04,Arsenal,"Charlton Ath",2,4,A,6
2005,2004-11-21,Blackburn,"Birmingham City",3,3,D,6
2004,2003-09-13,Chelsea,Tottenham,4,2,H,6
2004,2004-05-15,Portsmouth,Middlesbrough,5,1,H,6
2004,2004-05-15,"Manchester City",Everton,5,1,H,6
2004,2004-05-08,"Leeds United","Charlton Ath",3,3,D,6
2004,2004-05-12,Southampton,"Newcastle Utd",3,3,D,6
2004,2004-04-10,"Manchester City",Wolves,3,3,D,6
2004,2004-04-09,Arsenal,Liverpool,4,2,H,6
2004,2004-04-03,"Newcastle Utd",Everton,4,2,H,6
2004,2004-02-21,Southampton,Everton,3,3,D,6
2004,2004-02-11,"Charlton Ath",Tottenham,2,4,A,6
2002,2001-12-23,Chelsea,Bolton,5,1,H,6
2004,2004-01-17,Middlesbrough,"Leicester City",3,3,D,6
2004,2004-01-10,Portsmouth,"Manchester City",4,2,H,6
2004,2003-12-26,"Charlton Ath",Chelsea,4,2,H,6
2004,2003-08-16,Blackburn,Wolves,5,1,H,6
2003,2003-05-03,Middlesbrough,Tottenham,5,1,H,6
2003,2003-04-26,"West Brom",Liverpool,0,6,A,6
2002,2002-01-01,Chelsea,Southampton,2,4,A,6
2003,2003-03-22,"Newcastle Utd",Blackburn,5,1,H,6
2003,2003-02-22,"Manchester City",Arsenal,1,5,A,6
2003,2003-02-01,Bolton,"Birmingham City",4,2,H,6
2003,2003-01-22,"Charlton Ath","West Ham",4,2,H,6
2002,2002-01-20,Chelsea,"West Ham",5,1,H,6
2003,2002-11-17,"Leeds United",Bolton,2,4,A,6
2003,2002-10-27,Southampton,Fulham,4,2,H,6
2002,2001-10-24,Southampton,"Ipswich Town",3,3,D,6
2002,2002-02-09,"Ipswich Town",Liverpool,0,6,A,6
2006,2005-10-29,Sunderland,Portsmouth,1,4,A,5
2010,2010-03-20,Portsmouth,"Hull City",3,2,H,5
2010,2010-03-15,Liverpool,Portsmouth,4,1,H,5
2010,2010-03-13,Chelsea,"West Ham",4,1,H,5
2010,2009-08-22,"Wigan Athletic","Manchester Utd",0,5,A,5
2010,2009-08-22,Arsenal,Portsmouth,4,1,H,5
2010,2010-03-24,Portsmouth,Chelsea,0,5,A,5
2010,2010-02-06,"Manchester Utd",Portsmouth,5,0,H,5
2010,2010-01-11,"Manchester City",Blackburn,4,1,H,5
2010,2009-12-30,Portsmouth,Arsenal,1,4,A,5
2010,2009-12-30,"Manchester Utd","Wigan Athletic",5,0,H,5
2010,2010-01-05,"Stoke City",Fulham,3,2,H,5
2010,2009-11-25,"Hull City",Everton,3,2,H,5
2010,2009-12-05,"Wigan Athletic","Birmingham City",2,3,A,5
2010,2009-11-28,Portsmouth,"Manchester Utd",1,4,A,5
2010,2009-11-07,Wolves,Arsenal,1,4,A,5
2010,2009-10-25,Bolton,Everton,3,2,H,5
2010,2009-10-24,Chelsea,Blackburn,5,0,H,5
2009,2008-10-18,Liverpool,"Wigan Athletic",3,2,H,5
2009,2008-10-18,Middlesbrough,Chelsea,0,5,A,5
2009,2008-10-05,"Manchester City",Liverpool,2,3,A,5
2009,2008-09-14,"Stoke City",Everton,2,3,A,5
2009,2008-09-13,"West Brom","West Ham",3,2,H,5
2009,2009-05-24,Arsenal,"Stoke City",4,1,H,5
2009,2009-05-24,Sunderland,Chelsea,2,3,A,5
2009,2009-05-10,Arsenal,Chelsea,1,4,A,5
2009,2009-04-11,"Wigan Athletic",Arsenal,1,4,A,5
2009,2009-04-05,"Manchester Utd","Aston Villa",3,2,H,5
2009,2009-04-04,Bolton,Middlesbrough,4,1,H,5
2009,2009-03-22,Liverpool,"Aston Villa",5,0,H,5
2009,2008-08-30,"Hull City","Wigan Athletic",0,5,A,5
2009,2008-08-30,"West Ham",Blackburn,4,1,H,5
2009,2009-03-14,"Manchester Utd",Liverpool,1,4,A,5
2009,2009-02-07,Portsmouth,Liverpool,2,3,A,5
2009,2009-02-07,"West Brom","Newcastle Utd",2,3,A,5
2009,2009-01-31,Bolton,Tottenham,3,2,H,5
2009,2009-01-27,"West Brom","Manchester Utd",0,5,A,5
2009,2008-08-23,"Stoke City","Aston Villa",3,2,H,5
2009,2008-12-26,Portsmouth,"West Ham",1,4,A,5
2009,2008-12-20,"Hull City",Sunderland,1,4,A,5
2009,2008-12-07,Everton,"Aston Villa",2,3,A,5
2009,2008-11-30,Portsmouth,Blackburn,3,2,H,5
2009,2008-11-29,Sunderland,Bolton,1,4,A,5
2009,2008-11-15,"Manchester Utd","Stoke City",5,0,H,5
2009,2008-11-01,Chelsea,Sunderland,5,0,H,5
2009,2008-10-29,"Aston Villa",Blackburn,3,2,H,5
2009,2008-08-16,Everton,Blackburn,2,3,A,5
2008,2007-10-07,"Newcastle Utd",Everton,3,2,H,5
2008,2007-10-07,Arsenal,Sunderland,3,2,H,5
2008,2007-09-22,Arsenal,"Derby County",5,0,H,5
2008,2008-05-11,"Birmingham City",Blackburn,4,1,H,5
2008,2008-05-03,"Manchester Utd","West Ham",4,1,H,5
2008,2008-04-26,"Manchester City",Fulham,2,3,A,5
2008,2008-04-26,Sunderland,Middlesbrough,3,2,H,5
2008,2008-03-30,Tottenham,"Newcastle Utd",1,4,A,5
2008,2008-03-29,Bolton,Arsenal,2,3,A,5
2008,2008-03-01,"Birmingham City",Tottenham,4,1,H,5
2008,2008-02-24,Blackburn,Bolton,4,1,H,5
2001,2001-04-14,Sunderland,Tottenham,2,3,A,5
2008,2008-02-23,Liverpool,Middlesbrough,3,2,H,5
2008,2008-02-09,"Aston Villa","Newcastle Utd",4,1,H,5
2008,2007-12-29,Everton,Arsenal,1,4,A,5
2001,2001-04-16,Everton,Liverpool,2,3,A,5
2008,2007-12-22,Liverpool,Portsmouth,4,1,H,5
2008,2007-12-09,Bolton,"Wigan Athletic",4,1,H,5
2008,2007-12-08,"Manchester Utd","Derby County",4,1,H,5
2008,2007-12-02,Tottenham,"Birmingham City",2,3,A,5
2008,2007-11-10,"Derby County","West Ham",0,5,A,5
2001,2001-04-21,Arsenal,Everton,4,1,H,5
2008,2007-11-03,"Newcastle Utd",Portsmouth,1,4,A,5
2008,2007-10-27,"Birmingham City","Wigan Athletic",3,2,H,5
2008,2007-10-27,"Manchester Utd",Middlesbrough,4,1,H,5
2008,2007-10-20,"Aston Villa","Manchester Utd",1,4,A,5
2008,2007-08-12,Chelsea,"Birmingham City",3,2,H,5
2007,2007-04-28,Blackburn,"Charlton Ath",4,1,H,5
2007,2007-04-28,Middlesbrough,Tottenham,2,3,A,5
2007,2007-04-18,"West Ham",Chelsea,1,4,A,5
2001,2001-05-05,"Aston Villa","Coventry City",3,2,H,5
2007,2007-04-07,Middlesbrough,Watford,4,1,H,5
2007,2007-04-06,Everton,Fulham,4,1,H,5
2001,2001-05-05,Sunderland,"Charlton Ath",3,2,H,5
2007,2007-03-31,Liverpool,Arsenal,4,1,H,5
2007,2007-03-31,"Manchester Utd",Blackburn,4,1,H,5
2007,2007-03-17,"Manchester Utd",Bolton,4,1,H,5
2007,2007-02-25,Tottenham,Bolton,4,1,H,5
2007,2007-01-30,Reading,"Wigan Athletic",3,2,H,5
2007,2007-01-14,Tottenham,"Newcastle Utd",2,3,A,5
2001,2001-05-19,Southampton,Arsenal,3,2,H,5
2007,2006-12-30,"Manchester Utd",Reading,3,2,H,5
2007,2006-12-30,Bolton,Portsmouth,3,2,H,5
2001,2000-09-05,Tottenham,Everton,3,2,H,5
2007,2006-12-23,"Wigan Athletic",Chelsea,2,3,A,5
2007,2006-12-17,Everton,Chelsea,2,3,A,5
2007,2006-12-06,"Newcastle Utd",Reading,3,2,H,5
2007,2006-11-11,"Wigan Athletic","Charlton Ath",3,2,H,5
2007,2006-08-19,Reading,Middlesbrough,3,2,H,5
2006,2005-10-02,Liverpool,Chelsea,1,4,A,5
2006,2005-10-02,"Aston Villa",Middlesbrough,2,3,A,5
2001,2000-09-09,Liverpool,"Manchester City",3,2,H,5
2006,2005-10-01,Fulham,"Manchester Utd",2,3,A,5
2006,2005-10-01,"Charlton Ath",Tottenham,2,3,A,5
2006,2005-08-27,"West Brom","Birmingham City",2,3,A,5
2006,2006-04-22,Bolton,"Charlton Ath",4,1,H,5
2006,2006-04-18,"Wigan Athletic","Aston Villa",3,2,H,5
2006,2006-04-17,Sunderland,"Newcastle Utd",1,4,A,5
2006,2006-04-09,Chelsea,"West Ham",4,1,H,5
2006,2006-04-01,Arsenal,"Aston Villa",5,0,H,5
2006,2006-03-18,Everton,"Aston Villa",4,1,H,5
2006,2006-03-18,Blackburn,Middlesbrough,3,2,H,5
2006,2005-08-24,Arsenal,Fulham,4,1,H,5
2006,2006-03-11,Bolton,"West Ham",4,1,H,5
2006,2006-03-05,Tottenham,Blackburn,3,2,H,5
2006,2006-02-12,"Manchester City","Charlton Ath",3,2,H,5
2006,2006-02-01,Arsenal,"West Ham",2,3,A,5
2006,2006-01-21,Middlesbrough,"Wigan Athletic",2,3,A,5
2006,2006-01-21,"Birmingham City",Portsmouth,5,0,H,5
2001,2000-09-30,"Aston Villa","Derby County",4,1,H,5
2006,2005-12-31,"Manchester Utd",Bolton,4,1,H,5
2006,2005-12-26,Chelsea,Fulham,3,2,H,5
2006,2005-12-17,"Manchester City","Birmingham City",4,1,H,5
2006,2005-12-10,Blackburn,"West Ham",3,2,H,5
2006,2005-12-03,Tottenham,Sunderland,3,2,H,5
2006,2005-11-20,Middlesbrough,Fulham,3,2,H,5
2006,2005-11-19,"Wigan Athletic",Arsenal,2,3,A,5
2006,2005-11-05,Blackburn,"Charlton Ath",4,1,H,5
2006,2005-10-29,Middlesbrough,"Manchester Utd",4,1,H,5
2006,2005-10-23,"Newcastle Utd",Sunderland,3,2,H,5
2002,2001-08-18,"Leicester City",Bolton,0,5,A,5
2005,2004-08-28,"Norwich City",Arsenal,1,4,A,5
2005,2005-05-15,Bolton,Everton,3,2,H,5
2002,2001-08-19,"Manchester Utd",Fulham,3,2,H,5
2002,2001-10-20,Everton,"Aston Villa",3,2,H,5
2002,2001-10-20,"Leicester City",Liverpool,1,4,A,5
2005,2005-04-24,Portsmouth,Southampton,4,1,H,5
2005,2005-04-16,Southampton,"Aston Villa",2,3,A,5
2005,2005-04-02,Arsenal,"Norwich City",4,1,H,5
2005,2005-03-19,"Charlton Ath","West Brom",1,4,A,5
2005,2005-03-19,Chelsea,"Crystal Palace",4,1,H,5
2005,2005-02-28,"Norwich City","Manchester City",2,3,A,5
2002,2001-10-27,"Aston Villa",Bolton,3,2,H,5
2005,2005-02-05,"Norwich City","West Brom",3,2,H,5
2002,2001-10-28,"Ipswich Town","West Ham",2,3,A,5
2005,2004-12-28,Fulham,"Birmingham City",2,3,A,5
2005,2004-08-21,Southampton,Blackburn,3,2,H,5
2005,2004-12-26,"West Brom",Liverpool,0,5,A,5
2005,2004-12-11,"Norwich City",Bolton,3,2,H,5
2005,2004-12-06,Middlesbrough,"Manchester City",3,2,H,5
2005,2004-12-04,Portsmouth,"West Brom",3,2,H,5
2005,2004-12-04,Everton,Bolton,3,2,H,5
2005,2004-11-13,Fulham,Chelsea,1,4,A,5
2005,2004-11-13,Liverpool,"Crystal Palace",3,2,H,5
2005,2004-11-07,"Newcastle Utd",Fulham,1,4,A,5
2005,2004-11-06,Tottenham,"Charlton Ath",2,3,A,5
2005,2004-10-30,"West Brom",Chelsea,1,4,A,5
2005,2004-10-23,"Norwich City",Everton,2,3,A,5
2005,2004-08-15,Everton,Arsenal,1,4,A,5
2005,2004-08-14,Bolton,"Charlton Ath",4,1,H,5
2004,2003-09-28,"Charlton Ath",Liverpool,3,2,H,5
2004,2003-09-27,"Leicester City","Manchester Utd",1,4,A,5
2004,2003-09-26,Arsenal,"Newcastle Utd",3,2,H,5
2004,2003-09-20,Wolves,Chelsea,0,5,A,5
2004,2003-09-14,"Manchester City","Aston Villa",4,1,H,5
2004,2003-08-30,Middlesbrough,"Leeds United",2,3,A,5
2004,2004-05-02,Bolton,"Leeds United",4,1,H,5
2004,2004-04-16,Arsenal,"Leeds United",5,0,H,5
2002,2001-12-03,Tottenham,Bolton,3,2,H,5
2004,2004-04-12,"Aston Villa",Chelsea,3,2,H,5
2004,2004-04-05,"Leeds United","Leicester City",3,2,H,5
2004,2004-04-03,Wolves,Southampton,1,4,A,5
2002,2001-12-09,Arsenal,"Aston Villa",3,2,H,5
2004,2004-03-27,"Birmingham City","Leeds United",4,1,H,5
2004,2003-10-21,Fulham,"Newcastle Utd",2,3,A,5
2004,2003-08-25,Blackburn,"Manchester City",2,3,A,5
2004,2004-03-14,"Manchester City","Manchester Utd",4,1,H,5
2004,2004-02-21,"Charlton Ath",Blackburn,3,2,H,5
2004,2004-02-11,"Manchester Utd",Middlesbrough,2,3,A,5
2004,2004-02-10,"Leeds United",Wolves,4,1,H,5
2004,2004-02-01,Blackburn,Chelsea,2,3,A,5
2004,2004-01-31,"Manchester Utd",Southampton,3,2,H,5
2004,2004-01-31,"Leicester City","Aston Villa",0,5,A,5
2004,2004-01-10,Arsenal,Middlesbrough,4,1,H,5
2004,2004-01-07,Tottenham,"Birmingham City",4,1,H,5
2004,2003-12-26,"Manchester Utd",Everton,3,2,H,5
2004,2003-12-20,Everton,"Leicester City",3,2,H,5
2004,2003-12-14,"Aston Villa",Wolves,3,2,H,5
2004,2003-12-14,"Leeds United",Fulham,3,2,H,5
2004,2003-12-07,Southampton,"Charlton Ath",3,2,H,5
2004,2003-11-09,Chelsea,"Newcastle Utd",5,0,H,5
2004,2003-11-01,"Leeds United",Arsenal,1,4,A,5
2004,2003-08-16,Fulham,Middlesbrough,3,2,H,5
2003,2002-09-28,"Leeds United",Arsenal,1,4,A,5
2003,2002-09-28,Chelsea,"West Ham",2,3,A,5
2003,2002-09-22,"Aston Villa",Everton,3,2,H,5
2003,2002-09-15,Tottenham,"West Ham",3,2,H,5
2003,2002-09-14,Bolton,Liverpool,2,3,A,5
2003,2002-09-11,Fulham,Tottenham,3,2,H,5
2003,2002-09-11,Blackburn,Chelsea,2,3,A,5
2003,2003-05-04,Arsenal,"Leeds United",2,3,A,5
2003,2003-05-03,"Manchester Utd","Charlton Ath",4,1,H,5
2002,2001-12-29,"Ipswich Town",Sunderland,5,0,H,5
2003,2003-04-26,"Leeds United",Blackburn,2,3,A,5
2002,2001-12-30,Fulham,"Manchester Utd",2,3,A,5
2003,2003-04-21,"Birmingham City",Southampton,3,2,H,5
2003,2003-04-21,Chelsea,Everton,4,1,H,5
2003,2003-04-21,"West Brom",Tottenham,2,3,A,5
2003,2003-04-19,Southampton,"Leeds United",3,2,H,5
2002,2002-01-01,"Charlton Ath","Ipswich Town",3,2,H,5
2003,2003-03-22,Chelsea,"Manchester City",5,0,H,5
2003,2003-03-16,Tottenham,Liverpool,2,3,A,5
2003,2003-03-15,"Leeds United",Middlesbrough,2,3,A,5
2002,2002-01-12,Blackburn,"Charlton Ath",4,1,H,5
2003,2003-02-08,Tottenham,Sunderland,4,1,H,5
2003,2003-01-29,"Manchester City",Fulham,4,1,H,5
2003,2003-01-28,Chelsea,"Leeds United",3,2,H,5
2003,2003-01-11,Chelsea,"Charlton Ath",4,1,H,5
2003,2003-01-01,Arsenal,Chelsea,3,2,H,5
2003,2002-12-23,"Manchester City",Tottenham,2,3,A,5
2003,2002-11-23,Fulham,Liverpool,3,2,H,5
2003,2002-11-23,Southampton,Arsenal,3,2,H,5
2003,2002-11-23,"Aston Villa","West Ham",4,1,H,5
2003,2002-08-17,Fulham,Bolton,4,1,H,5
2003,2002-08-17,"Charlton Ath",Chelsea,2,3,A,5
2002,2002-01-30,Blackburn,Arsenal,2,3,A,5
2002,2002-02-02,"Leicester City",Chelsea,2,3,A,5
2002,2001-09-29,Everton,"West Ham",5,0,H,5
2002,2002-02-02,"Newcastle Utd",Bolton,3,2,H,5
2002,2001-12-19,"Leeds United",Everton,3,2,H,5
2002,2001-12-12,"Manchester Utd","Derby County",5,0,H,5
2002,2002-02-02,"Manchester Utd",Sunderland,4,1,H,5
2002,2001-09-16,Tottenham,Chelsea,2,3,A,5
2002,2001-09-15,"Derby County","Leicester City",2,3,A,5
2002,2001-09-08,"Manchester Utd",Everton,4,1,H,5
2002,2001-09-08,Middlesbrough,"Newcastle Utd",1,4,A,5
2002,2002-05-11,Liverpool,"Ipswich Town",5,0,H,5
2002,2002-04-13,"Derby County","Newcastle Utd",2,3,A,5
2002,2002-04-06,Bolton,"Ipswich Town",4,1,H,5
2002,2002-03-30,Bolton,"Aston Villa",3,2,H,5
2002,2002-02-23,Arsenal,Fulham,4,1,H,5
2002,2002-03-06,Chelsea,Fulham,3,2,H,5
2019,2018-10-20,"Manchester City",Burnley,5,0,H,5
2020,2019-08-09,Liverpool,"Norwich City",4,1,H,5
2020,2019-08-10,"West Ham","Manchester City",0,5,A,5
2020,2019-10-26,Brighton,Everton,3,2,H,5
2020,2019-11-02,"West Ham","Newcastle Utd",2,3,A,5
2020,2019-11-23,"West Ham",Tottenham,2,3,A,5
2020,2019-11-30,Tottenham,Bournemouth,3,2,H,5
2020,2019-12-03,Burnley,"Manchester City",1,4,A,5
2020,2019-12-07,Tottenham,Burnley,5,0,H,5
2020,2019-12-08,"Aston Villa","Leicester City",1,4,A,5
2020,2019-12-26,"Manchester Utd","Newcastle Utd",4,1,H,5
2020,2019-12-27,Wolves,"Manchester City",3,2,H,5
2020,2020-01-18,Southampton,Wolves,2,3,A,5
2020,2020-01-22,"Leicester City","West Ham",4,1,H,5
2020,2020-02-01,Watford,Everton,2,3,A,5
2020,2020-02-16,"Aston Villa",Tottenham,2,3,A,5
2020,2020-02-23,Arsenal,Everton,3,2,H,5
2020,2020-02-24,Liverpool,"West Ham",3,2,H,5
2020,2020-03-01,Tottenham,Wolves,2,3,A,5
2020,2019-08-24,"Norwich City",Chelsea,2,3,A,5
2020,2020-06-22,"Manchester City",Burnley,5,0,H,5
2020,2020-07-01,Bournemouth,"Newcastle Utd",1,4,A,5
2020,2020-07-01,"West Ham",Chelsea,3,2,H,5
2020,2020-07-07,"Crystal Palace",Chelsea,2,3,A,5
2020,2020-07-08,"Manchester City","Newcastle Utd",5,0,H,5
2020,2020-07-11,Brighton,"Manchester City",0,5,A,5
2020,2020-07-12,Bournemouth,"Leicester City",4,1,H,5
2020,2020-07-26,Arsenal,Watford,3,2,H,5
2020,2020-07-26,"Manchester City","Norwich City",5,0,H,5
2020,2019-09-01,Everton,Wolves,3,2,H,5
2020,2019-09-14,"Norwich City","Manchester City",3,2,H,5
2020,2019-09-22,Arsenal,"Aston Villa",3,2,H,5
2020,2019-09-29,"Leicester City","Newcastle Utd",5,0,H,5
2020,2019-10-06,Southampton,Chelsea,1,4,A,5
2021,2020-11-28,"Manchester City",Burnley,5,0,H,5
2021,2020-11-29,Southampton,"Manchester Utd",2,3,A,5
2021,2020-12-17,"Sheffield Utd","Manchester Utd",2,3,A,5
2021,2020-12-29,"West Brom","Leeds United",0,5,A,5
2021,2021-01-16,Wolves,"West Brom",2,3,A,5
2021,2021-01-26,"Crystal Palace","West Ham",2,3,A,5
2021,2021-01-26,"West Brom","Manchester City",0,5,A,5
2021,2021-01-27,Burnley,"Aston Villa",3,2,H,5
2021,2021-02-06,"Newcastle Utd",Southampton,3,2,H,5
2021,2021-02-07,Liverpool,"Manchester City",1,4,A,5
2021,2021-03-07,Tottenham,"Crystal Palace",4,1,H,5
2021,2021-03-14,"Leicester City","Sheffield Utd",5,0,H,5
2021,2021-03-02,"Manchester City",Wolves,4,1,H,5
2021,2020-09-26,Brighton,"Manchester Utd",2,3,A,5
2021,2021-04-04,Southampton,Burnley,3,2,H,5
2021,2021-04-05,Wolves,"West Ham",2,3,A,5
2021,2021-04-10,"Crystal Palace",Chelsea,1,4,A,5
2021,2021-04-11,"West Ham","Leicester City",3,2,H,5
2021,2021-04-17,"Newcastle Utd","West Ham",3,2,H,5
2021,2021-05-16,"Crystal Palace","Aston Villa",3,2,H,5
2021,2021-05-18,Brighton,"Manchester City",3,2,H,5
2021,2021-05-23,"Manchester City",Everton,5,0,H,5
2021,2020-10-17,"Newcastle Utd","Manchester Utd",1,4,A,5
2021,2020-11-02,"Leeds United","Leicester City",1,4,A,5
2021,2020-11-07,"Crystal Palace","Leeds United",4,1,H,5
2021,2020-11-07,Chelsea,"Sheffield Utd",4,1,H,5
2021,2020-11-22,Fulham,Everton,2,3,A,5
2022,2021-08-14,Watford,"Aston Villa",3,2,H,5
2022,2021-10-31,"Aston Villa","West Ham",1,4,A,5
2022,2021-11-07,"West Ham",Liverpool,3,2,H,5
2022,2021-11-20,Watford,"Manchester Utd",4,1,H,5
2022,2021-12-01,Everton,Liverpool,1,4,A,5
2022,2021-12-02,"Manchester Utd",Arsenal,3,2,H,5
2022,2021-12-04,"West Ham",Chelsea,3,2,H,5
2022,2021-12-11,Chelsea,"Leeds United",3,2,H,5
2022,2022-01-19,"Leicester City",Tottenham,2,3,A,5
2022,2021-12-18,"Leeds United",Arsenal,1,4,A,5
2022,2022-01-11,Southampton,Brentford,4,1,H,5
2022,2022-02-23,Watford,"Crystal Palace",1,4,A,5
2022,2021-12-26,"West Ham",Southampton,2,3,A,5
2022,2021-12-26,"Norwich City",Arsenal,0,5,A,5
2022,2022-04-06,Burnley,Everton,3,2,H,5
2022,2021-08-21,"Manchester City","Norwich City",5,0,H,5
2022,2021-08-23,"West Ham","Leicester City",4,1,H,5
2022,2021-12-28,Watford,"West Ham",1,4,A,5
2022,2022-01-01,"Crystal Palace","West Ham",2,3,A,5
2022,2022-01-02,Everton,Brighton,2,3,A,5
2022,2022-01-16,"West Ham","Leeds United",2,3,A,5
2022,2022-02-09,Tottenham,Southampton,2,3,A,5
2022,2022-02-19,"Manchester City",Tottenham,2,3,A,5
2022,2022-03-06,Watford,Arsenal,2,3,A,5
2022,2022-03-06,"Manchester City","Manchester Utd",4,1,H,5
2022,2022-03-07,Tottenham,Everton,5,0,H,5
2022,2022-03-12,"Manchester Utd",Tottenham,3,2,H,5
